--
-- PostgreSQL database dump
--

-- Dumped from database version 14.18 (Homebrew)
-- Dumped by pg_dump version 14.18 (Homebrew)

SET statement_timeout = 0;
SET lock_timeout = 0;
SET idle_in_transaction_session_timeout = 0;
SET client_encoding = 'UTF8';
SET standard_conforming_strings = on;
SELECT pg_catalog.set_config('search_path', '', false);
SET check_function_bodies = false;
SET xmloption = content;
SET client_min_messages = warning;
SET row_security = off;

--
-- Data for Name: sessions; Type: TABLE DATA; Schema: public; Owner: menu_user
--

COPY public.sessions (id, session_id, total_items, status, created_at, updated_at, completed_at, session_metadata) FROM stdin;
190b8db3-fe73-42c8-815c-793a7b9fc2a7	real_1750999478_df0700ab	2	completed	2025-06-30 00:22:40.421491	2025-06-30 00:22:40.491062	2025-06-30 00:22:40.491066	{"original_timestamp": "2025-06-27T04:44:39.664466", "last_updated": "2025-06-27T04:44:39.672418", "status": "completed", "migrated_from": "uploads/menu_translations/2025/06/27/session_real_1750999478_df0700ab.json", "migration_timestamp": "2025-06-30T00:22:40.420478"}
009b8130-52d1-4c3f-8e74-45145e01818e	real_1750999216_4f00c51a	2	completed	2025-06-30 00:22:40.496259	2025-06-30 00:22:40.521284	2025-06-30 00:22:40.521286	{"original_timestamp": "2025-06-27T04:40:18.495470", "last_updated": "2025-06-27T04:40:18.499296", "status": "completed", "migrated_from": "uploads/menu_translations/2025/06/27/session_real_1750999216_4f00c51a.json", "migration_timestamp": "2025-06-30T00:22:40.496130"}
7dbdd5cb-b0ef-4ca8-9628-f6911c853c19	test_1750992155	3	completed	2025-06-30 00:22:40.526042	2025-06-30 00:22:40.554825	2025-06-30 00:22:40.554827	{"original_timestamp": "2025-06-27T11:42:35.026805", "last_updated": "2025-06-27T11:42:35.028937", "status": "completed", "migrated_from": "uploads/menu_translations/2025/06/27/session_test_1750992155.json", "migration_timestamp": "2025-06-30T00:22:40.525929"}
a501cd5d-1bc7-4fb3-8e38-73bbd94ab127	ocr_parallel_1750999722_5b94d23f	11	completed	2025-06-30 00:22:40.558845	2025-06-30 00:22:40.651135	2025-06-30 00:22:40.651137	{"original_timestamp": "2025-06-27T04:48:49.227921", "last_updated": "2025-06-27T04:48:50.559720", "status": "completed", "migrated_from": "uploads/menu_translations/2025/06/27/session_ocr_parallel_1750999722_5b94d23f.json", "migration_timestamp": "2025-06-30T00:22:40.558719"}
\.


--
-- Data for Name: menu_items; Type: TABLE DATA; Schema: public; Owner: menu_user
--

COPY public.menu_items (id, session_id, item_id, japanese_text, english_text, category, description, translation_status, description_status, image_status, created_at, updated_at) FROM stdin;
a411a714-04a7-4404-a44f-af09367aa40f	190b8db3-fe73-42c8-815c-793a7b9fc2a7	0	お好み焼き	Okonomiyaki	Other	Okonomiyaki is a savory Japanese pancake made by mixing batter with cabbage, green onions, and your choice of ingredients like pork, seafood, or cheese. It’s cooked on a hot griddle, then topped with a tangy sauce, mayonnaise, dried seaweed flakes, and bonito flakes. Popular in Osaka and Hiroshima, okonomiyaki means "grill as you like," allowing endless delicious variations that reflect local tastes and creativity.	completed	completed	completed	2025-06-30 00:22:40.453005	2025-06-30 00:22:40.468932
1d61adfe-d58f-41d3-b2b8-d698b91d960c	190b8db3-fe73-42c8-815c-793a7b9fc2a7	1	たこ焼き	Takoyaki	Other	Takoyaki are savory Japanese snack balls made from a batter cooked in a special molded pan, filled with tender pieces of octopus, green onions, and pickled ginger. Crispy on the outside and soft inside, they’re topped with a tangy sauce, mayo, bonito flakes, and seaweed. Originating from Osaka, takoyaki is a popular street food that offers a fun, delicious taste of Japanese casual dining culture.	completed	completed	completed	2025-06-30 00:22:40.47787	2025-06-30 00:22:40.486591
0d133d83-1892-4912-aaf7-cd81a011f600	a501cd5d-1bc7-4fb3-8e38-73bbd94ab127	1	アイスコーヒー	Iced Coffee	ドリンク	Iced Coffee (アイスコーヒー) is a refreshing, chilled drink made by brewing strong coffee and then cooling it down with ice. This popular Japanese beverage offers a smooth, rich flavor with subtle bitterness and a hint of natural sweetness. Perfect for hot days, it’s enjoyed across Japan and often served in cafes, providing a modern twist on traditional coffee culture.	completed	completed	completed	2025-06-30 00:22:40.570172	2025-06-30 00:22:40.575685
adf16397-a0e9-4c6a-9cf7-b5c0787963d3	009b8130-52d1-4c3f-8e74-45145e01818e	2	カレーライス	Curry Rice	Other	Curry Rice (カレーライス) is a popular Japanese comfort food featuring tender chunks of meat and vegetables simmered in a rich, mildly spicy curry sauce. Served over steamed white rice, it blends a unique mix of Japanese and Indian spices for a warm, savory flavor. This hearty dish is loved nationwide and often enjoyed at home or in casual restaurants, making it a must-try for visitors seeking authentic everyday Japanese cuisine.	completed	completed	completed	2025-06-30 00:22:40.498188	2025-06-30 00:22:40.50412
bda2f308-bf0b-4659-93f0-e735c7514b14	009b8130-52d1-4c3f-8e74-45145e01818e	1	そば	buckwheat	Other	Soba is a traditional Japanese dish made from thin noodles crafted from buckwheat flour, served hot in broth or cold with a dipping sauce. The noodles have a nutty, earthy flavor and a firm, chewy texture. Soba is popular year-round and often enjoyed during special occasions like New Year's Eve to symbolize longevity and good fortune. It's a healthy, comforting choice that showcases simple but refined Japanese flavors.	completed	completed	completed	2025-06-30 00:22:40.507517	2025-06-30 00:22:40.516617
2e3a1581-604f-4baf-85e0-9313fa785ff3	a501cd5d-1bc7-4fb3-8e38-73bbd94ab127	11	ジェラート2種	2 types of gelato	デザート	Enjoy two flavors of authentic Japanese gelato, crafted from fresh, natural ingredients like seasonal fruits, matcha green tea, or rich black sesame. This creamy frozen dessert is churned slowly for a smooth texture and delicate taste. Gelato offers a lighter, less sweet alternative to ice cream, perfect for cooling down during warm days while experiencing a unique Japanese twist on a classic treat.	completed	completed	completed	2025-06-30 00:22:40.604097	2025-06-30 00:22:40.608873
ca46b016-c886-43c1-bd65-0607ae6a3255	7dbdd5cb-b0ef-4ca8-9628-f6911c853c19	0	寿司	Sushi	Main Dishes	Fresh sushi with premium fish	completed	completed	completed	2025-06-30 00:22:40.528068	2025-06-30 00:22:40.533715
2e8e83f5-7977-45da-bdaa-4b3ea6c2008d	a501cd5d-1bc7-4fb3-8e38-73bbd94ab127	8	アップル	Apple	ドリンク	アップル is a refreshing Japanese apple-flavored drink made from fresh apple juice blended with sparkling water or soda, offering a sweet and slightly tart taste. It's served chilled, perfect for warm days or as a light, fruity refreshment. Popular in Japan, this drink reflects the country's love for seasonal fruits and simple, natural flavors that balance sweetness and acidity.	completed	completed	completed	2025-06-30 00:22:40.579097	2025-06-30 00:22:40.584535
07541291-905e-4704-82d9-eac561cde200	7dbdd5cb-b0ef-4ca8-9628-f6911c853c19	1	天ぷら	Tempura	Appetizers	Light and crispy tempura	completed	completed	completed	2025-06-30 00:22:40.536928	2025-06-30 00:22:40.542167
7ff00162-95d6-43cb-bde6-4b08d3f86d1a	7dbdd5cb-b0ef-4ca8-9628-f6911c853c19	2	ラーメン	Ramen	Soups	Delicious Japanese noodle soup	completed	completed	completed	2025-06-30 00:22:40.545812	2025-06-30 00:22:40.551662
ecbb4899-1eaa-4481-a04f-29909a3ac340	a501cd5d-1bc7-4fb3-8e38-73bbd94ab127	10	本日のケーキ	Today's Cake	デザート	Today's Cake is a delightful seasonal dessert, carefully baked fresh daily using high-quality local ingredients like eggs, flour, and sugar. Its soft, moist texture pairs perfectly with a subtly sweet flavor, often featuring hints of fruit or matcha. Enjoy this popular treat with your tea while experiencing Japan’s rich tradition of turning simple sweets into memorable moments.	completed	completed	completed	2025-06-30 00:22:40.595986	2025-06-30 00:22:40.600787
3575dda5-e12f-4de4-93fb-e59c8e6ce06c	a501cd5d-1bc7-4fb3-8e38-73bbd94ab127	0	ブレンド	blend	ドリンク	ブレンド is a carefully crafted coffee blend made by mixing different high-quality beans, roasted to bring out a balanced and rich flavor. This popular drink in Japan offers a smooth, mild taste with subtle hints of sweetness and bitterness. Enjoyed daily by many, it reflects the Japanese appreciation for harmony and simplicity in their coffee culture. Perfect for a relaxing break during your travels!.	completed	completed	completed	2025-06-30 00:22:40.560594	2025-06-30 00:22:40.566521
86993458-3669-464f-8cec-083b276334df	a501cd5d-1bc7-4fb3-8e38-73bbd94ab127	9	にんじん	Carrot	ドリンク	にんじん is a refreshing Japanese carrot juice made by blending fresh, sweet carrots into a smooth drink. Naturally sweet with earthy undertones, it’s a nutritious and energizing beverage often enjoyed for its vibrant color and health benefits. Perfect for a light refreshment, it reflects Japan’s appreciation for simple, wholesome ingredients in everyday life.	completed	completed	completed	2025-06-30 00:22:40.587782	2025-06-30 00:22:40.592837
a349c7a1-aebb-4dcd-9791-3889a19cad6a	a501cd5d-1bc7-4fb3-8e38-73bbd94ab127	12	プリン	Pudding	デザート	Purin is a smooth and creamy Japanese custard pudding made from eggs, milk, and sugar, gently baked in a water bath to achieve its silky texture. Topped with a rich caramel sauce, it offers a perfect balance of sweet and slightly bitter flavors. Popular in Japan since the early 20th century, purin is a beloved dessert enjoyed by all ages and a delightful treat for visitors seeking a taste of Japanese comfort sweets.	completed	completed	completed	2025-06-30 00:22:40.61226	2025-06-30 00:22:40.617038
e16f6684-3952-4ada-a415-3972218e16c5	a501cd5d-1bc7-4fb3-8e38-73bbd94ab127	6	ハーブティー	Herbal tea	ドリンク	Herbal tea (ハーブティー) in Japan is a soothing infusion made by steeping a variety of dried herbs such as chamomile, peppermint, or yuzu peel in hot water. Known for its refreshing and calming flavors, it is often enjoyed during quiet moments or after meals. This caffeine-free drink reflects Japan’s appreciation for natural wellness and seasonal ingredients, offering a gentle, aromatic experience perfect for relaxation.	completed	completed	completed	2025-06-30 00:22:40.620679	2025-06-30 00:22:40.625218
e9271cf4-cd9f-49f1-af39-0036b31a66a3	a501cd5d-1bc7-4fb3-8e38-73bbd94ab127	3	カプチーノ	cappuccino	ドリンク	Cappuccino is a popular Italian-style coffee drink loved in Japan, made by combining rich espresso with steamed milk and topped with smooth, velvety milk foam. Its balanced flavor offers a perfect mix of bold coffee and creamy sweetness. Enjoyed in cozy cafes across Japan, cappuccino provides a warm and comforting break, reflecting the country’s wonderful embrace of global coffee culture.	completed	completed	completed	2025-06-30 00:22:40.628054	2025-06-30 00:22:40.632879
cee2ad41-84af-4939-8ada-9f335a82ca44	a501cd5d-1bc7-4fb3-8e38-73bbd94ab127	4	アールグレイ	Earl Grey	ドリンク	Earl Grey is a fragrant black tea flavored with natural bergamot oil, giving it a refreshing citrus aroma and smooth, slightly floral taste. Enjoyed hot or iced, this classic drink is popular in Japan as a calming refreshment. Perfect for relaxing moments, Earl Grey blends Western tea tradition with Japanese appreciation for delicate flavors and seasonal enjoyment.	completed	completed	completed	2025-06-30 00:22:40.636332	2025-06-30 00:22:40.640937
42c3c594-384f-4e49-b6c7-8a9e6f0dcd99	a501cd5d-1bc7-4fb3-8e38-73bbd94ab127	7	オレンジ	orange	ドリンク	オレンジ is a refreshing Japanese drink made from freshly squeezed oranges, often served chilled or over ice. This natural beverage highlights the sweet and tangy flavors of ripe oranges, making it a perfect thirst-quencher during warm weather. Popular in cafes and vending machines across Japan, it offers a simple yet delicious taste of Japanese citrus culture, loved by locals and visitors alike.	completed	completed	completed	2025-06-30 00:22:40.643899	2025-06-30 00:22:40.64873
\.


--
-- Data for Name: menu_item_images; Type: TABLE DATA; Schema: public; Owner: menu_user
--

COPY public.menu_item_images (id, menu_item_id, image_url, s3_key, prompt, provider, fallback_used, created_at, image_metadata) FROM stdin;
e534954d-cc17-4171-9a2e-2877522c23d0	a411a714-04a7-4404-a44f-af09367aa40f	https://menu-sense.s3.ap-northeast-1.amazonaws.com/generated-images/2025/06/27/menu_image_okonomiyaki_20250627_044446.png	generated-images/2025/06/27/menu_image_okonomiyaki_20250627_044446.png	Food image for Okonomiyaki	Google Imagen 3	f	2025-06-30 00:22:40.469945	{"image_data": {"item_id": 0, "image_url": "https://menu-sense.s3.ap-northeast-1.amazonaws.com/generated-images/2025/06/27/menu_image_okonomiyaki_20250627_044446.png", "s3_key": "generated-images/2025/06/27/menu_image_okonomiyaki_20250627_044446.png", "prompt": "Food image for Okonomiyaki", "provider": "Google Imagen 3", "processing_time_ms": 0, "fallback_used": false}}
6dd4f720-b282-494e-993b-14eb6a00642c	1d61adfe-d58f-41d3-b2b8-d698b91d960c	https://menu-sense.s3.ap-northeast-1.amazonaws.com/generated-images/2025/06/27/menu_image_takoyaki_20250627_044446.png	generated-images/2025/06/27/menu_image_takoyaki_20250627_044446.png	Food image for Takoyaki	Google Imagen 3	f	2025-06-30 00:22:40.487214	{"image_data": {"item_id": 1, "image_url": "https://menu-sense.s3.ap-northeast-1.amazonaws.com/generated-images/2025/06/27/menu_image_takoyaki_20250627_044446.png", "s3_key": "generated-images/2025/06/27/menu_image_takoyaki_20250627_044446.png", "prompt": "Food image for Takoyaki", "provider": "Google Imagen 3", "processing_time_ms": 0, "fallback_used": false}}
fa2d96bb-25cd-4215-8fe3-c319b6f346ad	adf16397-a0e9-4c6a-9cf7-b5c0787963d3	https://menu-sense.s3.ap-northeast-1.amazonaws.com/generated-images/2025/06/27/menu_image_curry_rice_20250627_044025.png	generated-images/2025/06/27/menu_image_curry_rice_20250627_044025.png	Food image for Curry Rice	Google Imagen 3	f	2025-06-30 00:22:40.50452	{"image_data": {"item_id": 2, "image_url": "https://menu-sense.s3.ap-northeast-1.amazonaws.com/generated-images/2025/06/27/menu_image_curry_rice_20250627_044025.png", "s3_key": "generated-images/2025/06/27/menu_image_curry_rice_20250627_044025.png", "prompt": "Food image for Curry Rice", "provider": "Google Imagen 3", "processing_time_ms": 0, "fallback_used": false}}
8edf868f-334c-46a0-b291-6aec6c5b0cb2	bda2f308-bf0b-4659-93f0-e735c7514b14	https://menu-sense.s3.ap-northeast-1.amazonaws.com/generated-images/2025/06/27/menu_image_buckwheat_20250627_044026.png	generated-images/2025/06/27/menu_image_buckwheat_20250627_044026.png	Food image for buckwheat	Google Imagen 3	f	2025-06-30 00:22:40.517186	{"image_data": {"item_id": 1, "image_url": "https://menu-sense.s3.ap-northeast-1.amazonaws.com/generated-images/2025/06/27/menu_image_buckwheat_20250627_044026.png", "s3_key": "generated-images/2025/06/27/menu_image_buckwheat_20250627_044026.png", "prompt": "Food image for buckwheat", "provider": "Google Imagen 3", "processing_time_ms": 0, "fallback_used": false}}
0061fa23-8a3a-4e2c-9a97-17e39ff06b70	ca46b016-c886-43c1-bd65-0607ae6a3255	https://example.com/sushi.jpg	\N	Food image for Sushi	Google Imagen 3	f	2025-06-30 00:22:40.534089	{"image_data": {"item_id": 0, "image_url": "https://example.com/sushi.jpg", "s3_key": null, "prompt": "Food image for Sushi", "provider": "Google Imagen 3", "processing_time_ms": 0, "fallback_used": false}}
4c59e11e-f557-4ecf-8d3d-72c8ac19a281	07541291-905e-4704-82d9-eac561cde200	https://example.com/tempura.jpg	\N	Food image for Tempura	Google Imagen 3	f	2025-06-30 00:22:40.542608	{"image_data": {"item_id": 1, "image_url": "https://example.com/tempura.jpg", "s3_key": null, "prompt": "Food image for Tempura", "provider": "Google Imagen 3", "processing_time_ms": 0, "fallback_used": false}}
87e6b52a-79d0-4b5f-9fe1-99d98fe5ebc3	7ff00162-95d6-43cb-bde6-4b08d3f86d1a	https://example.com/ramen.jpg	\N	Food image for Ramen	Google Imagen 3	f	2025-06-30 00:22:40.552055	{"image_data": {"item_id": 2, "image_url": "https://example.com/ramen.jpg", "s3_key": null, "prompt": "Food image for Ramen", "provider": "Google Imagen 3", "processing_time_ms": 0, "fallback_used": false}}
d8e543a5-d236-4811-ac01-21be9399724d	3575dda5-e12f-4de4-93fb-e59c8e6ce06c	https://menu-sense.s3.ap-northeast-1.amazonaws.com/generated-images/2025/06/27/menu_image_blend_20250627_044902.png	generated-images/2025/06/27/menu_image_blend_20250627_044902.png	Food image for blend	Google Imagen 3	f	2025-06-30 00:22:40.566886	{"image_data": {"item_id": 0, "image_url": "https://menu-sense.s3.ap-northeast-1.amazonaws.com/generated-images/2025/06/27/menu_image_blend_20250627_044902.png", "s3_key": "generated-images/2025/06/27/menu_image_blend_20250627_044902.png", "prompt": "Food image for blend", "provider": "Google Imagen 3", "processing_time_ms": 0, "fallback_used": false}}
4eee6d21-6b0e-4d00-9e13-0cd3bdcf7271	0d133d83-1892-4912-aaf7-cd81a011f600	https://menu-sense.s3.ap-northeast-1.amazonaws.com/generated-images/2025/06/27/menu_image_iced_coffee_20250627_044856.png	generated-images/2025/06/27/menu_image_iced_coffee_20250627_044856.png	Food image for Iced Coffee	Google Imagen 3	f	2025-06-30 00:22:40.576073	{"image_data": {"item_id": 1, "image_url": "https://menu-sense.s3.ap-northeast-1.amazonaws.com/generated-images/2025/06/27/menu_image_iced_coffee_20250627_044856.png", "s3_key": "generated-images/2025/06/27/menu_image_iced_coffee_20250627_044856.png", "prompt": "Food image for Iced Coffee", "provider": "Google Imagen 3", "processing_time_ms": 0, "fallback_used": false}}
efa889e3-9d51-4f70-a84a-3c05b2bd64d5	2e8e83f5-7977-45da-bdaa-4b3ea6c2008d	https://menu-sense.s3.ap-northeast-1.amazonaws.com/generated-images/2025/06/27/menu_image_apple_20250627_044914.png	generated-images/2025/06/27/menu_image_apple_20250627_044914.png	Food image for Apple	Google Imagen 3	f	2025-06-30 00:22:40.5849	{"image_data": {"item_id": 8, "image_url": "https://menu-sense.s3.ap-northeast-1.amazonaws.com/generated-images/2025/06/27/menu_image_apple_20250627_044914.png", "s3_key": "generated-images/2025/06/27/menu_image_apple_20250627_044914.png", "prompt": "Food image for Apple", "provider": "Google Imagen 3", "processing_time_ms": 0, "fallback_used": false}}
5bdb47a3-aee5-45b3-970b-974d0e514005	86993458-3669-464f-8cec-083b276334df	https://menu-sense.s3.ap-northeast-1.amazonaws.com/generated-images/2025/06/27/menu_image_carrot_20250627_044908.png	generated-images/2025/06/27/menu_image_carrot_20250627_044908.png	Food image for Carrot	Google Imagen 3	f	2025-06-30 00:22:40.593203	{"image_data": {"item_id": 9, "image_url": "https://menu-sense.s3.ap-northeast-1.amazonaws.com/generated-images/2025/06/27/menu_image_carrot_20250627_044908.png", "s3_key": "generated-images/2025/06/27/menu_image_carrot_20250627_044908.png", "prompt": "Food image for Carrot", "provider": "Google Imagen 3", "processing_time_ms": 0, "fallback_used": false}}
0cff1b39-6f46-4e8b-ae47-145f2d488ce4	ecbb4899-1eaa-4481-a04f-29909a3ac340	https://menu-sense.s3.ap-northeast-1.amazonaws.com/generated-images/2025/06/27/menu_image_todays_cake_20250627_044913.png	generated-images/2025/06/27/menu_image_todays_cake_20250627_044913.png	Food image for Today's Cake	Google Imagen 3	f	2025-06-30 00:22:40.601129	{"image_data": {"item_id": 10, "image_url": "https://menu-sense.s3.ap-northeast-1.amazonaws.com/generated-images/2025/06/27/menu_image_todays_cake_20250627_044913.png", "s3_key": "generated-images/2025/06/27/menu_image_todays_cake_20250627_044913.png", "prompt": "Food image for Today's Cake", "provider": "Google Imagen 3", "processing_time_ms": 0, "fallback_used": false}}
fa577e43-162a-4aa0-b68a-c5ca5cbe8ffe	2e3a1581-604f-4baf-85e0-9313fa785ff3	https://menu-sense.s3.ap-northeast-1.amazonaws.com/generated-images/2025/06/27/menu_image_2_types_of_gelato_20250627_044914.png	generated-images/2025/06/27/menu_image_2_types_of_gelato_20250627_044914.png	Food image for 2 types of gelato	Google Imagen 3	f	2025-06-30 00:22:40.609229	{"image_data": {"item_id": 11, "image_url": "https://menu-sense.s3.ap-northeast-1.amazonaws.com/generated-images/2025/06/27/menu_image_2_types_of_gelato_20250627_044914.png", "s3_key": "generated-images/2025/06/27/menu_image_2_types_of_gelato_20250627_044914.png", "prompt": "Food image for 2 types of gelato", "provider": "Google Imagen 3", "processing_time_ms": 0, "fallback_used": false}}
eb6d3921-76ea-41a8-ba5b-a1e50dfede15	a349c7a1-aebb-4dcd-9791-3889a19cad6a	https://menu-sense.s3.ap-northeast-1.amazonaws.com/generated-images/2025/06/27/menu_image_pudding_20250627_044918.png	generated-images/2025/06/27/menu_image_pudding_20250627_044918.png	Food image for Pudding	Google Imagen 3	f	2025-06-30 00:22:40.617392	{"image_data": {"item_id": 12, "image_url": "https://menu-sense.s3.ap-northeast-1.amazonaws.com/generated-images/2025/06/27/menu_image_pudding_20250627_044918.png", "s3_key": "generated-images/2025/06/27/menu_image_pudding_20250627_044918.png", "prompt": "Food image for Pudding", "provider": "Google Imagen 3", "processing_time_ms": 0, "fallback_used": false}}
67f34fa5-be5f-4545-8b9e-16ef5185d5b7	e16f6684-3952-4ada-a415-3972218e16c5	https://menu-sense.s3.ap-northeast-1.amazonaws.com/generated-images/2025/06/27/menu_image_herbal_tea_20250627_044907.png	generated-images/2025/06/27/menu_image_herbal_tea_20250627_044907.png	Food image for Herbal tea	Google Imagen 3	f	2025-06-30 00:22:40.62553	{"image_data": {"item_id": 6, "image_url": "https://menu-sense.s3.ap-northeast-1.amazonaws.com/generated-images/2025/06/27/menu_image_herbal_tea_20250627_044907.png", "s3_key": "generated-images/2025/06/27/menu_image_herbal_tea_20250627_044907.png", "prompt": "Food image for Herbal tea", "provider": "Google Imagen 3", "processing_time_ms": 0, "fallback_used": false}}
471b0719-fef3-48a7-af4f-aa59a0f3babf	e9271cf4-cd9f-49f1-af39-0036b31a66a3	https://menu-sense.s3.ap-northeast-1.amazonaws.com/generated-images/2025/06/27/menu_image_cappuccino_20250627_044901.png	generated-images/2025/06/27/menu_image_cappuccino_20250627_044901.png	Food image for cappuccino	Google Imagen 3	f	2025-06-30 00:22:40.633728	{"image_data": {"item_id": 3, "image_url": "https://menu-sense.s3.ap-northeast-1.amazonaws.com/generated-images/2025/06/27/menu_image_cappuccino_20250627_044901.png", "s3_key": "generated-images/2025/06/27/menu_image_cappuccino_20250627_044901.png", "prompt": "Food image for cappuccino", "provider": "Google Imagen 3", "processing_time_ms": 0, "fallback_used": false}}
bab2bcd6-ac8e-42fe-8f5d-a7a2e12d2a25	cee2ad41-84af-4939-8ada-9f335a82ca44	https://menu-sense.s3.ap-northeast-1.amazonaws.com/generated-images/2025/06/27/menu_image_earl_grey_20250627_044857.png	generated-images/2025/06/27/menu_image_earl_grey_20250627_044857.png	Food image for Earl Grey	Google Imagen 3	f	2025-06-30 00:22:40.641261	{"image_data": {"item_id": 4, "image_url": "https://menu-sense.s3.ap-northeast-1.amazonaws.com/generated-images/2025/06/27/menu_image_earl_grey_20250627_044857.png", "s3_key": "generated-images/2025/06/27/menu_image_earl_grey_20250627_044857.png", "prompt": "Food image for Earl Grey", "provider": "Google Imagen 3", "processing_time_ms": 0, "fallback_used": false}}
a1494fa7-aa78-4fe2-96c0-08cf2afee5bf	42c3c594-384f-4e49-b6c7-8a9e6f0dcd99	https://menu-sense.s3.ap-northeast-1.amazonaws.com/generated-images/2025/06/27/menu_image_orange_20250627_044907.png	generated-images/2025/06/27/menu_image_orange_20250627_044907.png	Food image for orange	Google Imagen 3	f	2025-06-30 00:22:40.649058	{"image_data": {"item_id": 7, "image_url": "https://menu-sense.s3.ap-northeast-1.amazonaws.com/generated-images/2025/06/27/menu_image_orange_20250627_044907.png", "s3_key": "generated-images/2025/06/27/menu_image_orange_20250627_044907.png", "prompt": "Food image for orange", "provider": "Google Imagen 3", "processing_time_ms": 0, "fallback_used": false}}
\.


--
-- Data for Name: processing_providers; Type: TABLE DATA; Schema: public; Owner: menu_user
--

COPY public.processing_providers (id, menu_item_id, stage, provider, processed_at, processing_time_ms, fallback_used, provider_metadata) FROM stdin;
869aea55-4132-42d4-ad4f-2ad71f016482	a411a714-04a7-4404-a44f-af09367aa40f	translation	Google Translate API	2025-06-30 00:22:40.455949	0	f	{"translation_data": {"item_id": 0, "japanese_text": "\\u304a\\u597d\\u307f\\u713c\\u304d", "english_text": "Okonomiyaki", "category": "Other", "provider": "Google Translate API", "processing_time_ms": 0, "fallback_used": false}}
f53a08da-0ad2-4d9f-b6b4-0ea4dfd0ef94	a411a714-04a7-4404-a44f-af09367aa40f	description	OpenAI GPT-4.1-mini	2025-06-30 00:22:40.466229	0	f	{"description_data": {"item_id": 0, "description": "Okonomiyaki is a savory Japanese pancake made by mixing batter with cabbage, green onions, and your choice of ingredients like pork, seafood, or cheese. It\\u2019s cooked on a hot griddle, then topped with a tangy sauce, mayonnaise, dried seaweed flakes, and bonito flakes. Popular in Osaka and Hiroshima, okonomiyaki means \\"grill as you like,\\" allowing endless delicious variations that reflect local tastes and creativity.", "provider": "OpenAI GPT-4.1-mini", "processing_time_ms": 0, "fallback_used": false}}
213fd18c-5006-4d2f-be68-53296ab3227b	a411a714-04a7-4404-a44f-af09367aa40f	image	Google Imagen 3	2025-06-30 00:22:40.472909	0	f	{"image_data": {"item_id": 0, "image_url": "https://menu-sense.s3.ap-northeast-1.amazonaws.com/generated-images/2025/06/27/menu_image_okonomiyaki_20250627_044446.png", "s3_key": "generated-images/2025/06/27/menu_image_okonomiyaki_20250627_044446.png", "prompt": "Food image for Okonomiyaki", "provider": "Google Imagen 3", "processing_time_ms": 0, "fallback_used": false}}
940dd76b-a88e-45cd-83cc-9e37ef8d68f8	1d61adfe-d58f-41d3-b2b8-d698b91d960c	translation	Google Translate API	2025-06-30 00:22:40.478574	0	f	{"translation_data": {"item_id": 1, "japanese_text": "\\u305f\\u3053\\u713c\\u304d", "english_text": "Takoyaki", "category": "Other", "provider": "Google Translate API", "processing_time_ms": 0, "fallback_used": false}}
5944bf9b-3f70-4079-98a6-fdcbeb0d75c8	1d61adfe-d58f-41d3-b2b8-d698b91d960c	description	OpenAI GPT-4.1-mini	2025-06-30 00:22:40.48343	0	f	{"description_data": {"item_id": 1, "description": "Takoyaki are savory Japanese snack balls made from a batter cooked in a special molded pan, filled with tender pieces of octopus, green onions, and pickled ginger. Crispy on the outside and soft inside, they\\u2019re topped with a tangy sauce, mayo, bonito flakes, and seaweed. Originating from Osaka, takoyaki is a popular street food that offers a fun, delicious taste of Japanese casual dining culture.", "provider": "OpenAI GPT-4.1-mini", "processing_time_ms": 0, "fallback_used": false}}
543fb3ac-63fb-43bc-b599-323146edd22e	1d61adfe-d58f-41d3-b2b8-d698b91d960c	image	Google Imagen 3	2025-06-30 00:22:40.487566	0	f	{"image_data": {"item_id": 1, "image_url": "https://menu-sense.s3.ap-northeast-1.amazonaws.com/generated-images/2025/06/27/menu_image_takoyaki_20250627_044446.png", "s3_key": "generated-images/2025/06/27/menu_image_takoyaki_20250627_044446.png", "prompt": "Food image for Takoyaki", "provider": "Google Imagen 3", "processing_time_ms": 0, "fallback_used": false}}
13f61d93-680a-4f77-80e0-67a49c09b2cb	adf16397-a0e9-4c6a-9cf7-b5c0787963d3	translation	Google Translate API	2025-06-30 00:22:40.498771	0	f	{"translation_data": {"item_id": 2, "japanese_text": "\\u30ab\\u30ec\\u30fc\\u30e9\\u30a4\\u30b9", "english_text": "Curry Rice", "category": "Other", "provider": "Google Translate API", "processing_time_ms": 0, "fallback_used": false}}
94a3982c-ae08-41bd-8c7c-73cb1b0045ad	adf16397-a0e9-4c6a-9cf7-b5c0787963d3	description	OpenAI GPT-4.1-mini	2025-06-30 00:22:40.501521	0	f	{"description_data": {"item_id": 2, "description": "Curry Rice (\\u30ab\\u30ec\\u30fc\\u30e9\\u30a4\\u30b9) is a popular Japanese comfort food featuring tender chunks of meat and vegetables simmered in a rich, mildly spicy curry sauce. Served over steamed white rice, it blends a unique mix of Japanese and Indian spices for a warm, savory flavor. This hearty dish is loved nationwide and often enjoyed at home or in casual restaurants, making it a must-try for visitors seeking authentic everyday Japanese cuisine.", "provider": "OpenAI GPT-4.1-mini", "processing_time_ms": 0, "fallback_used": false}}
4f3af216-caa3-40a8-b1ca-d50bf8e11660	adf16397-a0e9-4c6a-9cf7-b5c0787963d3	image	Google Imagen 3	2025-06-30 00:22:40.504855	0	f	{"image_data": {"item_id": 2, "image_url": "https://menu-sense.s3.ap-northeast-1.amazonaws.com/generated-images/2025/06/27/menu_image_curry_rice_20250627_044025.png", "s3_key": "generated-images/2025/06/27/menu_image_curry_rice_20250627_044025.png", "prompt": "Food image for Curry Rice", "provider": "Google Imagen 3", "processing_time_ms": 0, "fallback_used": false}}
9f1f998b-8b58-4507-80fd-dd8bcf3dc4e3	bda2f308-bf0b-4659-93f0-e735c7514b14	translation	Google Translate API	2025-06-30 00:22:40.507889	0	f	{"translation_data": {"item_id": 1, "japanese_text": "\\u305d\\u3070", "english_text": "buckwheat", "category": "Other", "provider": "Google Translate API", "processing_time_ms": 0, "fallback_used": false}}
f3642125-26f2-4550-b4c2-4a0712565065	bda2f308-bf0b-4659-93f0-e735c7514b14	description	OpenAI GPT-4.1-mini	2025-06-30 00:22:40.51154	0	f	{"description_data": {"item_id": 1, "description": "Soba is a traditional Japanese dish made from thin noodles crafted from buckwheat flour, served hot in broth or cold with a dipping sauce. The noodles have a nutty, earthy flavor and a firm, chewy texture. Soba is popular year-round and often enjoyed during special occasions like New Year's Eve to symbolize longevity and good fortune. It's a healthy, comforting choice that showcases simple but refined Japanese flavors.", "provider": "OpenAI GPT-4.1-mini", "processing_time_ms": 0, "fallback_used": false}}
5be936b5-f0cc-4113-85a9-5dedb8de78f0	bda2f308-bf0b-4659-93f0-e735c7514b14	image	Google Imagen 3	2025-06-30 00:22:40.517552	0	f	{"image_data": {"item_id": 1, "image_url": "https://menu-sense.s3.ap-northeast-1.amazonaws.com/generated-images/2025/06/27/menu_image_buckwheat_20250627_044026.png", "s3_key": "generated-images/2025/06/27/menu_image_buckwheat_20250627_044026.png", "prompt": "Food image for buckwheat", "provider": "Google Imagen 3", "processing_time_ms": 0, "fallback_used": false}}
3519764a-2b77-4c9d-bfbb-e2532bad16a5	ca46b016-c886-43c1-bd65-0607ae6a3255	translation	Google Translate API	2025-06-30 00:22:40.528886	0	f	{"translation_data": {"item_id": 0, "japanese_text": "\\u5bff\\u53f8", "english_text": "Sushi", "category": "Main Dishes", "provider": "Google Translate API", "processing_time_ms": 0, "fallback_used": false}}
6d5d0e6e-0658-421e-8bb4-c6c3e3ed5963	ca46b016-c886-43c1-bd65-0607ae6a3255	description	OpenAI GPT-4.1-mini	2025-06-30 00:22:40.531644	0	f	{"description_data": {"item_id": 0, "description": "Fresh sushi with premium fish", "provider": "OpenAI GPT-4.1-mini", "processing_time_ms": 0, "fallback_used": false}}
e6436863-5b19-45b3-a2f0-70f97d8210a4	ca46b016-c886-43c1-bd65-0607ae6a3255	image	Google Imagen 3	2025-06-30 00:22:40.534347	0	f	{"image_data": {"item_id": 0, "image_url": "https://example.com/sushi.jpg", "s3_key": null, "prompt": "Food image for Sushi", "provider": "Google Imagen 3", "processing_time_ms": 0, "fallback_used": false}}
5aea9aff-dd69-4d88-bf4a-25e59cfbba1f	07541291-905e-4704-82d9-eac561cde200	translation	Google Translate API	2025-06-30 00:22:40.537325	0	f	{"translation_data": {"item_id": 1, "japanese_text": "\\u5929\\u3077\\u3089", "english_text": "Tempura", "category": "Appetizers", "provider": "Google Translate API", "processing_time_ms": 0, "fallback_used": false}}
4014434e-44be-4a05-9ffd-d056ca17c65c	07541291-905e-4704-82d9-eac561cde200	description	OpenAI GPT-4.1-mini	2025-06-30 00:22:40.539825	0	f	{"description_data": {"item_id": 1, "description": "Light and crispy tempura", "provider": "OpenAI GPT-4.1-mini", "processing_time_ms": 0, "fallback_used": false}}
1f8d1205-db64-488f-badf-72109392af86	07541291-905e-4704-82d9-eac561cde200	image	Google Imagen 3	2025-06-30 00:22:40.542924	0	f	{"image_data": {"item_id": 1, "image_url": "https://example.com/tempura.jpg", "s3_key": null, "prompt": "Food image for Tempura", "provider": "Google Imagen 3", "processing_time_ms": 0, "fallback_used": false}}
c4c1da27-208d-4191-889c-db6a49af154b	7ff00162-95d6-43cb-bde6-4b08d3f86d1a	translation	Google Translate API	2025-06-30 00:22:40.546173	0	f	{"translation_data": {"item_id": 2, "japanese_text": "\\u30e9\\u30fc\\u30e1\\u30f3", "english_text": "Ramen", "category": "Soups", "provider": "Google Translate API", "processing_time_ms": 0, "fallback_used": false}}
001d229f-82f1-4912-a7fe-88735125af97	7ff00162-95d6-43cb-bde6-4b08d3f86d1a	description	OpenAI GPT-4.1-mini	2025-06-30 00:22:40.549358	0	f	{"description_data": {"item_id": 2, "description": "Delicious Japanese noodle soup", "provider": "OpenAI GPT-4.1-mini", "processing_time_ms": 0, "fallback_used": false}}
7f40f01c-b938-4575-a430-5f88eb6f6fbb	7ff00162-95d6-43cb-bde6-4b08d3f86d1a	image	Google Imagen 3	2025-06-30 00:22:40.552299	0	f	{"image_data": {"item_id": 2, "image_url": "https://example.com/ramen.jpg", "s3_key": null, "prompt": "Food image for Ramen", "provider": "Google Imagen 3", "processing_time_ms": 0, "fallback_used": false}}
ec16d7b9-ccc2-40eb-90a0-9905cf0845cd	3575dda5-e12f-4de4-93fb-e59c8e6ce06c	translation	Google Translate API	2025-06-30 00:22:40.560978	0	f	{"translation_data": {"item_id": 0, "japanese_text": "\\u30d6\\u30ec\\u30f3\\u30c9", "english_text": "blend", "category": "\\u30c9\\u30ea\\u30f3\\u30af", "provider": "Google Translate API", "processing_time_ms": 0, "fallback_used": false}}
5ee8bec1-a4f9-4ff6-af42-4bc81007f133	3575dda5-e12f-4de4-93fb-e59c8e6ce06c	description	OpenAI GPT-4.1-mini	2025-06-30 00:22:40.564218	0	f	{"description_data": {"item_id": 0, "description": "\\u30d6\\u30ec\\u30f3\\u30c9 is a carefully crafted coffee blend made by mixing different high-quality beans, roasted to bring out a balanced and rich flavor. This popular drink in Japan offers a smooth, mild taste with subtle hints of sweetness and bitterness. Enjoyed daily by many, it reflects the Japanese appreciation for harmony and simplicity in their coffee culture. Perfect for a relaxing break during your travels!.", "provider": "OpenAI GPT-4.1-mini", "processing_time_ms": 0, "fallback_used": false}}
dd3f4668-7c23-4ec5-ac0a-5526155c8200	3575dda5-e12f-4de4-93fb-e59c8e6ce06c	image	Google Imagen 3	2025-06-30 00:22:40.567121	0	f	{"image_data": {"item_id": 0, "image_url": "https://menu-sense.s3.ap-northeast-1.amazonaws.com/generated-images/2025/06/27/menu_image_blend_20250627_044902.png", "s3_key": "generated-images/2025/06/27/menu_image_blend_20250627_044902.png", "prompt": "Food image for blend", "provider": "Google Imagen 3", "processing_time_ms": 0, "fallback_used": false}}
3bfd82e6-4c51-4a74-98c6-cbbedf63c695	0d133d83-1892-4912-aaf7-cd81a011f600	translation	Google Translate API	2025-06-30 00:22:40.570577	0	f	{"translation_data": {"item_id": 1, "japanese_text": "\\u30a2\\u30a4\\u30b9\\u30b3\\u30fc\\u30d2\\u30fc", "english_text": "Iced Coffee", "category": "\\u30c9\\u30ea\\u30f3\\u30af", "provider": "Google Translate API", "processing_time_ms": 0, "fallback_used": false}}
0b0a8b12-6e66-482d-a834-a4fd6c4b9049	0d133d83-1892-4912-aaf7-cd81a011f600	description	OpenAI GPT-4.1-mini	2025-06-30 00:22:40.573234	0	f	{"description_data": {"item_id": 1, "description": "Iced Coffee (\\u30a2\\u30a4\\u30b9\\u30b3\\u30fc\\u30d2\\u30fc) is a refreshing, chilled drink made by brewing strong coffee and then cooling it down with ice. This popular Japanese beverage offers a smooth, rich flavor with subtle bitterness and a hint of natural sweetness. Perfect for hot days, it\\u2019s enjoyed across Japan and often served in cafes, providing a modern twist on traditional coffee culture.", "provider": "OpenAI GPT-4.1-mini", "processing_time_ms": 0, "fallback_used": false}}
fac9e5e3-5afc-4776-b1ee-b4575579bd1c	0d133d83-1892-4912-aaf7-cd81a011f600	image	Google Imagen 3	2025-06-30 00:22:40.576308	0	f	{"image_data": {"item_id": 1, "image_url": "https://menu-sense.s3.ap-northeast-1.amazonaws.com/generated-images/2025/06/27/menu_image_iced_coffee_20250627_044856.png", "s3_key": "generated-images/2025/06/27/menu_image_iced_coffee_20250627_044856.png", "prompt": "Food image for Iced Coffee", "provider": "Google Imagen 3", "processing_time_ms": 0, "fallback_used": false}}
d63262fe-d663-41eb-8c1a-76ba3ced8a62	2e8e83f5-7977-45da-bdaa-4b3ea6c2008d	translation	Google Translate API	2025-06-30 00:22:40.579429	0	f	{"translation_data": {"item_id": 8, "japanese_text": "\\u30a2\\u30c3\\u30d7\\u30eb", "english_text": "Apple", "category": "\\u30c9\\u30ea\\u30f3\\u30af", "provider": "Google Translate API", "processing_time_ms": 0, "fallback_used": false}}
8d2f84c6-c380-4cf5-9faf-399a087e7df2	2e8e83f5-7977-45da-bdaa-4b3ea6c2008d	description	OpenAI GPT-4.1-mini	2025-06-30 00:22:40.582239	0	f	{"description_data": {"item_id": 8, "description": "\\u30a2\\u30c3\\u30d7\\u30eb is a refreshing Japanese apple-flavored drink made from fresh apple juice blended with sparkling water or soda, offering a sweet and slightly tart taste. It's served chilled, perfect for warm days or as a light, fruity refreshment. Popular in Japan, this drink reflects the country's love for seasonal fruits and simple, natural flavors that balance sweetness and acidity.", "provider": "OpenAI GPT-4.1-mini", "processing_time_ms": 0, "fallback_used": false}}
e949795d-5d3c-45fb-ae7a-deb53d62d852	2e8e83f5-7977-45da-bdaa-4b3ea6c2008d	image	Google Imagen 3	2025-06-30 00:22:40.585132	0	f	{"image_data": {"item_id": 8, "image_url": "https://menu-sense.s3.ap-northeast-1.amazonaws.com/generated-images/2025/06/27/menu_image_apple_20250627_044914.png", "s3_key": "generated-images/2025/06/27/menu_image_apple_20250627_044914.png", "prompt": "Food image for Apple", "provider": "Google Imagen 3", "processing_time_ms": 0, "fallback_used": false}}
c0ec4139-4cd9-4d2a-a88d-5acb478029d9	86993458-3669-464f-8cec-083b276334df	translation	Google Translate API	2025-06-30 00:22:40.588129	0	f	{"translation_data": {"item_id": 9, "japanese_text": "\\u306b\\u3093\\u3058\\u3093", "english_text": "Carrot", "category": "\\u30c9\\u30ea\\u30f3\\u30af", "provider": "Google Translate API", "processing_time_ms": 0, "fallback_used": false}}
4acaf47a-228b-4af0-b880-981479e8752f	86993458-3669-464f-8cec-083b276334df	description	OpenAI GPT-4.1-mini	2025-06-30 00:22:40.590694	0	f	{"description_data": {"item_id": 9, "description": "\\u306b\\u3093\\u3058\\u3093 is a refreshing Japanese carrot juice made by blending fresh, sweet carrots into a smooth drink. Naturally sweet with earthy undertones, it\\u2019s a nutritious and energizing beverage often enjoyed for its vibrant color and health benefits. Perfect for a light refreshment, it reflects Japan\\u2019s appreciation for simple, wholesome ingredients in everyday life.", "provider": "OpenAI GPT-4.1-mini", "processing_time_ms": 0, "fallback_used": false}}
322b30bc-983b-45e7-ad9d-5b19b23fe725	86993458-3669-464f-8cec-083b276334df	image	Google Imagen 3	2025-06-30 00:22:40.593438	0	f	{"image_data": {"item_id": 9, "image_url": "https://menu-sense.s3.ap-northeast-1.amazonaws.com/generated-images/2025/06/27/menu_image_carrot_20250627_044908.png", "s3_key": "generated-images/2025/06/27/menu_image_carrot_20250627_044908.png", "prompt": "Food image for Carrot", "provider": "Google Imagen 3", "processing_time_ms": 0, "fallback_used": false}}
b7777696-354a-4d86-bf02-9a2b052f7635	ecbb4899-1eaa-4481-a04f-29909a3ac340	translation	Google Translate API	2025-06-30 00:22:40.596316	0	f	{"translation_data": {"item_id": 10, "japanese_text": "\\u672c\\u65e5\\u306e\\u30b1\\u30fc\\u30ad", "english_text": "Today's Cake", "category": "\\u30c7\\u30b6\\u30fc\\u30c8", "provider": "Google Translate API", "processing_time_ms": 0, "fallback_used": false}}
bcf4a906-6eeb-4d6b-af50-317788af23d8	ecbb4899-1eaa-4481-a04f-29909a3ac340	description	OpenAI GPT-4.1-mini	2025-06-30 00:22:40.598742	0	f	{"description_data": {"item_id": 10, "description": "Today's Cake is a delightful seasonal dessert, carefully baked fresh daily using high-quality local ingredients like eggs, flour, and sugar. Its soft, moist texture pairs perfectly with a subtly sweet flavor, often featuring hints of fruit or matcha. Enjoy this popular treat with your tea while experiencing Japan\\u2019s rich tradition of turning simple sweets into memorable moments.", "provider": "OpenAI GPT-4.1-mini", "processing_time_ms": 0, "fallback_used": false}}
0e49d805-ae60-4b8f-82f1-cd7b2fe4a38d	ecbb4899-1eaa-4481-a04f-29909a3ac340	image	Google Imagen 3	2025-06-30 00:22:40.601355	0	f	{"image_data": {"item_id": 10, "image_url": "https://menu-sense.s3.ap-northeast-1.amazonaws.com/generated-images/2025/06/27/menu_image_todays_cake_20250627_044913.png", "s3_key": "generated-images/2025/06/27/menu_image_todays_cake_20250627_044913.png", "prompt": "Food image for Today's Cake", "provider": "Google Imagen 3", "processing_time_ms": 0, "fallback_used": false}}
af46de49-b9b0-4584-b061-b731071377d6	2e3a1581-604f-4baf-85e0-9313fa785ff3	translation	Google Translate API	2025-06-30 00:22:40.60442	0	f	{"translation_data": {"item_id": 11, "japanese_text": "\\u30b8\\u30a7\\u30e9\\u30fc\\u30c82\\u7a2e", "english_text": "2 types of gelato", "category": "\\u30c7\\u30b6\\u30fc\\u30c8", "provider": "Google Translate API", "processing_time_ms": 0, "fallback_used": false}}
1d54a5ec-f293-4ed5-b445-655781b69100	2e3a1581-604f-4baf-85e0-9313fa785ff3	description	OpenAI GPT-4.1-mini	2025-06-30 00:22:40.606829	0	f	{"description_data": {"item_id": 11, "description": "Enjoy two flavors of authentic Japanese gelato, crafted from fresh, natural ingredients like seasonal fruits, matcha green tea, or rich black sesame. This creamy frozen dessert is churned slowly for a smooth texture and delicate taste. Gelato offers a lighter, less sweet alternative to ice cream, perfect for cooling down during warm days while experiencing a unique Japanese twist on a classic treat.", "provider": "OpenAI GPT-4.1-mini", "processing_time_ms": 0, "fallback_used": false}}
f34e998a-621a-44ae-b2d6-40eb854cfa23	2e3a1581-604f-4baf-85e0-9313fa785ff3	image	Google Imagen 3	2025-06-30 00:22:40.609452	0	f	{"image_data": {"item_id": 11, "image_url": "https://menu-sense.s3.ap-northeast-1.amazonaws.com/generated-images/2025/06/27/menu_image_2_types_of_gelato_20250627_044914.png", "s3_key": "generated-images/2025/06/27/menu_image_2_types_of_gelato_20250627_044914.png", "prompt": "Food image for 2 types of gelato", "provider": "Google Imagen 3", "processing_time_ms": 0, "fallback_used": false}}
cd2862a4-56ed-4181-8630-33e2bf1ec562	a349c7a1-aebb-4dcd-9791-3889a19cad6a	translation	Google Translate API	2025-06-30 00:22:40.612564	0	f	{"translation_data": {"item_id": 12, "japanese_text": "\\u30d7\\u30ea\\u30f3", "english_text": "Pudding", "category": "\\u30c7\\u30b6\\u30fc\\u30c8", "provider": "Google Translate API", "processing_time_ms": 0, "fallback_used": false}}
54a94bfc-0bdc-4763-89e6-a286410efdde	a349c7a1-aebb-4dcd-9791-3889a19cad6a	description	OpenAI GPT-4.1-mini	2025-06-30 00:22:40.614988	0	f	{"description_data": {"item_id": 12, "description": "Purin is a smooth and creamy Japanese custard pudding made from eggs, milk, and sugar, gently baked in a water bath to achieve its silky texture. Topped with a rich caramel sauce, it offers a perfect balance of sweet and slightly bitter flavors. Popular in Japan since the early 20th century, purin is a beloved dessert enjoyed by all ages and a delightful treat for visitors seeking a taste of Japanese comfort sweets.", "provider": "OpenAI GPT-4.1-mini", "processing_time_ms": 0, "fallback_used": false}}
1f7e9c8f-464b-4e6f-9bcb-2f2381342b85	a349c7a1-aebb-4dcd-9791-3889a19cad6a	image	Google Imagen 3	2025-06-30 00:22:40.618338	0	f	{"image_data": {"item_id": 12, "image_url": "https://menu-sense.s3.ap-northeast-1.amazonaws.com/generated-images/2025/06/27/menu_image_pudding_20250627_044918.png", "s3_key": "generated-images/2025/06/27/menu_image_pudding_20250627_044918.png", "prompt": "Food image for Pudding", "provider": "Google Imagen 3", "processing_time_ms": 0, "fallback_used": false}}
f17b7547-9061-496f-a6f4-6f144843f2c7	e16f6684-3952-4ada-a415-3972218e16c5	translation	Google Translate API	2025-06-30 00:22:40.62097	0	f	{"translation_data": {"item_id": 6, "japanese_text": "\\u30cf\\u30fc\\u30d6\\u30c6\\u30a3\\u30fc", "english_text": "Herbal tea", "category": "\\u30c9\\u30ea\\u30f3\\u30af", "provider": "Google Translate API", "processing_time_ms": 0, "fallback_used": false}}
5818a321-3615-4db9-a5c6-4b015c6e8051	e16f6684-3952-4ada-a415-3972218e16c5	description	OpenAI GPT-4.1-mini	2025-06-30 00:22:40.623261	0	f	{"description_data": {"item_id": 6, "description": "Herbal tea (\\u30cf\\u30fc\\u30d6\\u30c6\\u30a3\\u30fc) in Japan is a soothing infusion made by steeping a variety of dried herbs such as chamomile, peppermint, or yuzu peel in hot water. Known for its refreshing and calming flavors, it is often enjoyed during quiet moments or after meals. This caffeine-free drink reflects Japan\\u2019s appreciation for natural wellness and seasonal ingredients, offering a gentle, aromatic experience perfect for relaxation.", "provider": "OpenAI GPT-4.1-mini", "processing_time_ms": 0, "fallback_used": false}}
7a1ac53c-7251-400e-9ba8-5f900362ff10	e16f6684-3952-4ada-a415-3972218e16c5	image	Google Imagen 3	2025-06-30 00:22:40.62573	0	f	{"image_data": {"item_id": 6, "image_url": "https://menu-sense.s3.ap-northeast-1.amazonaws.com/generated-images/2025/06/27/menu_image_herbal_tea_20250627_044907.png", "s3_key": "generated-images/2025/06/27/menu_image_herbal_tea_20250627_044907.png", "prompt": "Food image for Herbal tea", "provider": "Google Imagen 3", "processing_time_ms": 0, "fallback_used": false}}
efff1e5c-1e86-4871-8139-6705647d6eaf	e9271cf4-cd9f-49f1-af39-0036b31a66a3	translation	Google Translate API	2025-06-30 00:22:40.628376	0	f	{"translation_data": {"item_id": 3, "japanese_text": "\\u30ab\\u30d7\\u30c1\\u30fc\\u30ce", "english_text": "cappuccino", "category": "\\u30c9\\u30ea\\u30f3\\u30af", "provider": "Google Translate API", "processing_time_ms": 0, "fallback_used": false}}
72943ffb-46a8-4e77-9d0d-599b8675a851	e9271cf4-cd9f-49f1-af39-0036b31a66a3	description	OpenAI GPT-4.1-mini	2025-06-30 00:22:40.630886	0	f	{"description_data": {"item_id": 3, "description": "Cappuccino is a popular Italian-style coffee drink loved in Japan, made by combining rich espresso with steamed milk and topped with smooth, velvety milk foam. Its balanced flavor offers a perfect mix of bold coffee and creamy sweetness. Enjoyed in cozy cafes across Japan, cappuccino provides a warm and comforting break, reflecting the country\\u2019s wonderful embrace of global coffee culture.", "provider": "OpenAI GPT-4.1-mini", "processing_time_ms": 0, "fallback_used": false}}
0ee9de94-021f-43b2-928a-71321be8efd7	e9271cf4-cd9f-49f1-af39-0036b31a66a3	image	Google Imagen 3	2025-06-30 00:22:40.63394	0	f	{"image_data": {"item_id": 3, "image_url": "https://menu-sense.s3.ap-northeast-1.amazonaws.com/generated-images/2025/06/27/menu_image_cappuccino_20250627_044901.png", "s3_key": "generated-images/2025/06/27/menu_image_cappuccino_20250627_044901.png", "prompt": "Food image for cappuccino", "provider": "Google Imagen 3", "processing_time_ms": 0, "fallback_used": false}}
45d5a08b-a086-4bc4-8614-c8f0e505296e	cee2ad41-84af-4939-8ada-9f335a82ca44	translation	Google Translate API	2025-06-30 00:22:40.636658	0	f	{"translation_data": {"item_id": 4, "japanese_text": "\\u30a2\\u30fc\\u30eb\\u30b0\\u30ec\\u30a4", "english_text": "Earl Grey", "category": "\\u30c9\\u30ea\\u30f3\\u30af", "provider": "Google Translate API", "processing_time_ms": 0, "fallback_used": false}}
ffe781bc-635b-4784-9b5a-0fd7ddf3ac5e	cee2ad41-84af-4939-8ada-9f335a82ca44	description	OpenAI GPT-4.1-mini	2025-06-30 00:22:40.638979	0	f	{"description_data": {"item_id": 4, "description": "Earl Grey is a fragrant black tea flavored with natural bergamot oil, giving it a refreshing citrus aroma and smooth, slightly floral taste. Enjoyed hot or iced, this classic drink is popular in Japan as a calming refreshment. Perfect for relaxing moments, Earl Grey blends Western tea tradition with Japanese appreciation for delicate flavors and seasonal enjoyment.", "provider": "OpenAI GPT-4.1-mini", "processing_time_ms": 0, "fallback_used": false}}
f3997316-b379-43b6-ac8a-d4cb4901f8a8	cee2ad41-84af-4939-8ada-9f335a82ca44	image	Google Imagen 3	2025-06-30 00:22:40.641502	0	f	{"image_data": {"item_id": 4, "image_url": "https://menu-sense.s3.ap-northeast-1.amazonaws.com/generated-images/2025/06/27/menu_image_earl_grey_20250627_044857.png", "s3_key": "generated-images/2025/06/27/menu_image_earl_grey_20250627_044857.png", "prompt": "Food image for Earl Grey", "provider": "Google Imagen 3", "processing_time_ms": 0, "fallback_used": false}}
8aec8bb4-3e31-4573-a84d-f3dbbb15702f	42c3c594-384f-4e49-b6c7-8a9e6f0dcd99	translation	Google Translate API	2025-06-30 00:22:40.644341	0	f	{"translation_data": {"item_id": 7, "japanese_text": "\\u30aa\\u30ec\\u30f3\\u30b8", "english_text": "orange", "category": "\\u30c9\\u30ea\\u30f3\\u30af", "provider": "Google Translate API", "processing_time_ms": 0, "fallback_used": false}}
f0b2199b-8a77-44cb-982e-bc4b843b6347	42c3c594-384f-4e49-b6c7-8a9e6f0dcd99	description	OpenAI GPT-4.1-mini	2025-06-30 00:22:40.646836	0	f	{"description_data": {"item_id": 7, "description": "\\u30aa\\u30ec\\u30f3\\u30b8 is a refreshing Japanese drink made from freshly squeezed oranges, often served chilled or over ice. This natural beverage highlights the sweet and tangy flavors of ripe oranges, making it a perfect thirst-quencher during warm weather. Popular in cafes and vending machines across Japan, it offers a simple yet delicious taste of Japanese citrus culture, loved by locals and visitors alike.", "provider": "OpenAI GPT-4.1-mini", "processing_time_ms": 0, "fallback_used": false}}
64634366-e409-442b-81b0-d62cd9c5b71e	42c3c594-384f-4e49-b6c7-8a9e6f0dcd99	image	Google Imagen 3	2025-06-30 00:22:40.649286	0	f	{"image_data": {"item_id": 7, "image_url": "https://menu-sense.s3.ap-northeast-1.amazonaws.com/generated-images/2025/06/27/menu_image_orange_20250627_044907.png", "s3_key": "generated-images/2025/06/27/menu_image_orange_20250627_044907.png", "prompt": "Food image for orange", "provider": "Google Imagen 3", "processing_time_ms": 0, "fallback_used": false}}
\.


--
-- PostgreSQL database dump complete
--

